duration,event,risk
1.7,1,0.017059486
60.7,0,-0.023036595
60.6,0,-0.028472938
23.7,0,-0.02374081
1.5,1,-0.012662969
65.7,0,-0.01396992
2.4,1,-0.019557439
110.0,0,-0.024651293
52.0,1,-0.02743451
22.6,0,-0.022918746
1.8,1,-0.015379054
11.4,1,-0.013243
47.1,0,-0.031202372
38.5,0,-0.03212061
36.4,0,-0.01882185
37.9,0,-0.03458566
40.9,0,-0.026929975
36.4,0,-0.026278216
35.2,0,-0.015813474
