duration,event,risk
2.6,1,0.0016971994
48.9,0,-0.0060488526
57.1,0,-0.0052473526
63.1,0,-0.011180462
67.6,0,0.000607945
36.7,1,-0.024512855
60.2,0,-0.0035619698
60.9,0,-0.0009459853
14.9,1,-0.014956592
1.3,1,0.0032689348
22.8,0,0.0014396813
59.0,0,-0.014880421
47.7,0,-0.00364233
24.2,0,-0.0027499665
4.4,1,0.0077433363
35.5,0,0.0052750893
40.2,0,-0.013716022
37.8,0,0.0031524356
38.0,0,0.013764048
