duration,event,risk
1.3,1,-0.04633399
56.1,0,-0.029401693
56.4,0,-0.036250487
2.0,1,-0.029710159
61.5,0,-0.051199473
62.5,0,-0.047934905
60.8,0,-0.053794548
61.1,0,-0.034305725
1.6,1,-0.019696694
46.1,0,-0.03310287
19.2,1,-0.04862288
47.7,0,-0.0187595
24.7,1,-0.029186968
37.0,0,-0.049934875
5.0,0,-0.041717354
49.6,0,-0.018280413
36.3,0,-0.008133612
38.4,0,-0.034740042
24.9,0,-0.043560542
