duration,event,risk
62.3,0,0.010844126
4.8,0,-0.004128143
61.7,0,0.01762027
65.0,0,0.0067290924
1.6,1,0.02022434
59.9,0,0.01481143
80.2,0,0.004910227
1.8,1,-0.014642205
62.6,0,-0.0033780262
63.1,0,-0.0029064156
14.9,1,0.022716992
43.1,0,-0.007851712
55.4,0,-0.0016923957
38.0,0,0.0018010549
1.8,1,0.00081817433
34.7,0,0.0013784617
39.5,0,0.0036784261
19.9,1,0.008345541
10.9,1,0.008789204
