duration,event,risk
62.9,0,-0.0030788346
2.9,0,-0.003274226
24.7,1,0.0018467219
80.8,0,-0.0023121773
52.4,0,-0.008387034
39.4,1,-0.0049947924
7.7,0,-0.012278435
63.1,0,-0.009461553
54.1,0,-0.003928551
1.5,1,-0.0022588796
57.8,0,-0.0062479726
6.2,1,-0.0037176288
31.4,0,-0.010046699
60.4,1,0.002597107
48.5,0,-0.008362417
35.4,0,0.002049929
36.3,0,-0.006242787
42.3,0,-0.006201984
18.1,0,-0.011285746
