duration,event,risk
1.7,1,0.18448691
60.7,0,0.052201286
60.6,0,-0.075134054
23.7,0,-0.22837909
1.5,1,-0.05722429
65.7,0,-0.07435033
2.4,1,-0.027381107
110.0,0,0.045801297
52.0,1,-0.068299994
22.6,0,-0.22304843
1.8,1,-0.11476202
11.4,1,-0.03534256
47.1,0,-0.10929911
38.5,0,-0.19469048
36.4,0,-0.17499416
37.9,0,-0.17599176
40.9,0,-0.07388319
36.4,0,-0.0494204
35.2,0,-0.055228308
