duration,event,risk
62.9,0,0.3029502
2.9,0,0.18959843
24.7,1,0.254072
80.8,0,0.16422404
52.4,0,0.20417209
39.4,1,0.25348687
7.7,0,0.09586798
63.1,0,0.18135636
54.1,0,0.016506895
1.5,1,0.1590359
57.8,0,0.13873436
6.2,1,0.16680662
31.4,0,0.07147947
60.4,1,0.13866939
48.5,0,0.045584485
35.4,0,0.328883
36.3,0,0.2079087
42.3,0,0.22495605
18.1,0,0.049643412
