duration,event,risk
2.6,1,-0.8834498
48.9,0,-0.23377678
57.1,0,-0.36356986
63.1,0,0.11997235
67.6,0,-0.34580353
36.7,1,-0.17267421
60.2,0,-0.05674079
60.9,0,-0.22826132
14.9,1,-0.46368963
1.3,1,-0.07569876
22.8,0,-0.07788628
59.0,0,-0.21087179
47.7,0,-0.1877591
24.2,0,-0.20382106
4.4,1,-0.26652873
35.5,0,-0.31428272
40.2,0,-0.24879491
37.8,0,-0.16074878
38.0,0,0.04458019
