duration,event,risk
1.3,1,0.42089748
56.1,0,0.26536584
56.4,0,0.0568887
2.0,1,0.37728634
61.5,0,0.3582787
62.5,0,0.16665395
60.8,0,0.15032563
61.1,0,0.40286595
1.6,1,0.53377676
46.1,0,0.39494368
19.2,1,0.32988983
47.7,0,0.3570326
24.7,1,0.53433967
37.0,0,0.47429377
5.0,0,0.56770444
49.6,0,0.60193056
36.3,0,0.6095391
38.4,0,0.4545185
24.9,0,0.1912776
