duration,event,risk
62.3,0,-0.23210762
4.8,0,-0.32368448
61.7,0,-0.22582008
65.0,0,-0.28411332
1.6,1,-0.18122919
59.9,0,-0.22018121
80.2,0,-0.18213923
1.8,1,-0.16988671
62.6,0,-0.47151068
63.1,0,-0.43725646
14.9,1,-0.09486219
43.1,0,-0.15103397
55.4,0,-0.22082897
38.0,0,-0.12111358
1.8,1,-0.35798642
34.7,0,-0.18095006
39.5,0,-0.2086919
19.9,1,-0.1749828
10.9,1,-0.17291217
