duration,event,risk
1.7,1,-0.23608965
60.7,0,-0.061283126
60.6,0,-0.047103167
23.7,0,-0.19497459
1.5,1,0.07012805
65.7,0,-0.2658944
2.4,1,0.0054472387
110.0,0,-0.39211768
52.0,1,-0.15038483
22.6,0,-0.20165831
1.8,1,0.115000814
11.4,1,0.3620999
47.1,0,-0.18850702
38.5,0,-0.27493888
36.4,0,-0.08766624
37.9,0,-0.19503258
40.9,0,-0.10696028
36.4,0,-0.08228046
35.2,0,-0.09850994
