duration,event,risk
2.6,1,0.123402774
48.9,0,0.24767241
57.1,0,0.08800173
63.1,0,0.23356754
67.6,0,0.23747823
36.7,1,0.12093413
60.2,0,0.23180786
60.9,0,0.058266044
14.9,1,-0.024027526
1.3,1,0.23297149
22.8,0,0.28669846
59.0,0,0.33645433
47.7,0,0.011353314
24.2,0,0.22692928
4.4,1,0.24723727
35.5,0,0.32019275
40.2,0,0.30693266
37.8,0,0.24403852
38.0,0,0.29244274
