duration,event,risk
62.3,0,0.038196243
4.8,0,0.08467015
61.7,0,0.08407963
65.0,0,0.015751623
1.6,1,0.07436591
59.9,0,-0.051782466
80.2,0,0.05394151
1.8,1,0.13420385
62.6,0,0.09271192
63.1,0,0.19122025
14.9,1,-0.102542244
43.1,0,-0.04647561
55.4,0,-0.13501549
38.0,0,-0.09464065
1.8,1,0.12153778
34.7,0,0.29274207
39.5,0,-0.04142516
19.9,1,-0.033849023
10.9,1,0.07751001
