duration,event,risk
62.9,0,-0.046013623
2.9,0,-0.12268734
24.7,1,0.16306627
80.8,0,0.11603218
52.4,0,0.061582163
39.4,1,0.18526238
7.7,0,-0.034279853
63.1,0,0.14723548
54.1,0,0.074615
1.5,1,0.026698187
57.8,0,-0.10150874
6.2,1,-0.0031799823
31.4,0,-0.1317429
60.4,1,-0.07191548
48.5,0,-0.013660863
35.4,0,-0.14320515
36.3,0,0.019562408
42.3,0,-0.17386091
18.1,0,0.0845183
