duration,event,risk
1.3,1,0.0498672
56.1,0,0.056435842
56.4,0,0.13817711
2.0,1,-0.10115357
61.5,0,-0.051287543
62.5,0,0.054927174
60.8,0,-0.04346935
61.1,0,0.117262945
1.6,1,-0.17045982
46.1,0,-0.03234629
19.2,1,0.19381091
47.7,0,0.06626256
24.7,1,-0.09123658
37.0,0,-0.077815935
5.0,0,0.09811455
49.6,0,-0.032105785
36.3,0,-0.038279127
38.4,0,-0.0728119
24.9,0,0.02026977
