duration,event,risk
2.6,1,-0.019954622
48.9,0,-0.019130103
57.1,0,-0.086143605
63.1,0,-0.19604304
67.6,0,0.29150984
36.7,1,-0.25903574
60.2,0,-0.049229212
60.9,0,-0.19869334
14.9,1,-0.15472928
1.3,1,-0.22894827
22.8,0,-0.032930516
59.0,0,-0.19480139
47.7,0,-0.18739188
24.2,0,-0.035260923
4.4,1,-0.16967878
35.5,0,0.07157751
40.2,0,-0.044344626
37.8,0,-0.09264787
38.0,0,-0.10148897
