duration,event,risk
62.9,0,-0.36018637
2.9,0,-0.23181617
24.7,1,0.033706874
80.8,0,-0.005207725
52.4,0,-0.2235768
39.4,1,-0.16876593
7.7,0,-0.16224879
63.1,0,-0.3278758
54.1,0,-0.2359825
1.5,1,-0.16086365
57.8,0,-0.19055095
6.2,1,-0.07775749
31.4,0,-0.04413212
60.4,1,-0.12914643
48.5,0,-0.18428019
35.4,0,-0.29494435
36.3,0,-0.27962595
42.3,0,-0.08342824
18.1,0,0.04003513
