duration,event,risk
1.7,1,0.49860755
60.7,0,0.020503726
60.6,0,-0.1269476
23.7,0,-0.2768242
1.5,1,-0.116472825
65.7,0,0.00640304
2.4,1,0.032043498
110.0,0,0.012945395
52.0,1,-0.1374676
22.6,0,-0.1465826
1.8,1,-0.118419796
11.4,1,-0.027031962
47.1,0,-0.14638835
38.5,0,-0.17840773
36.4,0,-0.12544866
37.9,0,-0.23674428
40.9,0,-0.08014794
36.4,0,-0.10503784
35.2,0,-0.057951022
