duration,event,risk
62.3,0,-0.17015882
4.8,0,-0.054925628
61.7,0,-0.22211686
65.0,0,-0.14290157
1.6,1,-0.14139321
59.9,0,-0.20936245
80.2,0,-0.17212853
1.8,1,-0.19526005
62.6,0,-0.07223924
63.1,0,0.04174622
14.9,1,-0.16214272
43.1,0,-0.20362166
55.4,0,-0.25289473
38.0,0,-0.22512549
1.8,1,-0.09801782
34.7,0,-0.021116808
39.5,0,-0.30921146
19.9,1,-0.2579583
10.9,1,-0.20380151
