duration,event,risk
1.3,1,0.50115097
56.1,0,0.49815232
56.4,0,0.8641978
2.0,1,0.19445795
61.5,0,-0.0022174641
62.5,0,0.49288005
60.8,0,0.14673778
61.1,0,0.38054976
1.6,1,0.13997251
46.1,0,0.30503345
19.2,1,0.38050735
47.7,0,0.34088063
24.7,1,0.20411798
37.0,0,-0.15086314
5.0,0,0.6345727
49.6,0,0.30249113
36.3,0,0.42708826
38.4,0,-0.07383802
24.9,0,0.4908327
