duration,event,risk
62.9,0,0.010774862
2.9,0,0.0066566523
24.7,1,0.0268799
80.8,0,0.012733584
52.4,0,0.017074581
39.4,1,0.015114607
7.7,0,0.012828959
63.1,0,0.014282266
54.1,0,0.008462933
1.5,1,0.009037562
57.8,0,0.0040384065
6.2,1,0.018808654
31.4,0,0.0036584958
60.4,1,0.009003026
48.5,0,0.0019600186
35.4,0,0.018053355
36.3,0,0.011493969
42.3,0,0.013261765
18.1,0,0.0017523486
