duration,event,risk
2.6,1,0.3170893
48.9,0,0.3015296
57.1,0,0.2951195
63.1,0,0.29660967
67.6,0,0.31854096
36.7,1,0.29550788
60.2,0,0.3020365
60.9,0,0.3197764
14.9,1,0.30906603
1.3,1,0.32805046
22.8,0,0.32275882
59.0,0,0.30204758
47.7,0,0.3169118
24.2,0,0.31487736
4.4,1,0.3086299
35.5,0,0.29226574
40.2,0,0.30587265
37.8,0,0.32786304
38.0,0,0.33259186
