duration,event,risk
62.3,0,-0.033644408
4.8,0,-0.023224143
61.7,0,-0.027658524
65.0,0,-0.029005902
1.6,1,-0.027664294
59.9,0,-0.03466598
80.2,0,-0.03079001
1.8,1,-0.030051047
62.6,0,-0.017670972
63.1,0,-0.021984903
14.9,1,-0.03861434
43.1,0,-0.031941697
55.4,0,-0.04251234
38.0,0,-0.037030913
1.8,1,-0.020381233
34.7,0,-0.025260666
39.5,0,-0.042771135
19.9,1,-0.02376595
10.9,1,-0.021710364
