duration,event,risk
1.3,1,-0.1734992
56.1,0,-0.18415591
56.4,0,-0.1765914
2.0,1,-0.17442709
61.5,0,-0.18790469
62.5,0,-0.18125363
60.8,0,-0.19311392
61.1,0,-0.16907687
1.6,1,-0.17378758
46.1,0,-0.1815678
19.2,1,-0.17385684
47.7,0,-0.15361749
24.7,1,-0.16214733
37.0,0,-0.19106175
5.0,0,-0.17766337
49.6,0,-0.15911081
36.3,0,-0.15647674
38.4,0,-0.17202233
24.9,0,-0.17493416
