duration,event,risk
1.7,1,0.058187865
60.7,0,0.010290809
60.6,0,0.0025461838
23.7,0,0.0019976348
1.5,1,0.027474385
65.7,0,0.019508492
2.4,1,0.008360099
110.0,0,0.002715759
52.0,1,0.009192731
22.6,0,-0.007029444
1.8,1,0.00858105
11.4,1,0.018406242
47.1,0,0.0008595586
38.5,0,-0.0036555678
36.4,0,0.019243132
37.9,0,-0.0045884997
40.9,0,0.012444332
36.4,0,-0.0047113076
35.2,0,0.007964991
